{
    "states" : {
        "(2, 1)" : {
            "position": {
                "x": 0.65,
                "y": 2.17,
                "z": 0.0
            },
            "orientation": {
                "x": 0.0,
                "y": 0.0,
                "z": -0.707106206585,
                "w": 0.707107355788
            }
        }, 
        "(3, 1)" : {
            "position": {
                "x": 0.687,
                "y": 1.77,
                "z": 0.0
            },
            "orientation" : {
                "x": 0.0,
                "y": 0.0,
                "z": -0.678710186548,
                "w": 0.734406210945
            }
        }, 

        "(4, 1)": {
            "position": {
                "x": 0.66,
                "y": 1.51,
                "z": 0.0
            },
            "orientation": {
                "x": 0.0,
                "y": 0.0,
                "z": -0.715472565327,
                "w": 0.698640829228
            }
        },

        "(5, 1)": {
            "position": {
                "x": 0.66,
                "y": 1.34,
                "z": 0.0
            },
            "orientation": {
                "x": 0.0,
                "y": 0.0,
                "z": -0.702109526435,
                "w": 0.712068966385
            }
        },
        "(5, 4)": {
            "position": {
                "x": 1.96,
                "y": 1.34,
                "z": 0.0
            },
            "orientation": {
                "x": 0.0,
                "y": 0.0,
                "z": -0.702109526435,
                "w": 0.712068966385
            }
        },

        "(6, 1)": {
            "position": {
                "x": 0.66,
                "y": 1.06,
                "z": 0.0
            },
            "orientation": {
                "x": 0.0,
                "y": 0.0,
                "z": -0.707106248732,
                "w": 0.707107313641
            }
        },

        "(7, 1)":{
            "position": {
                "x": 0.66,
                "y": 0.66,
                "z": 0.0
            },
            "orientation": {
                "x": 0.0,
                "y": 0.0,
                "z": -0.697220202402,
                "w": 0.716857021562
            }
        },

        "(7, 2)":  {
            "position":  {
                "x": 1.05,
                "y": 0.611,
                "z": 0.0
            },
            "orientation":  {
                "x": 0.0,
                "y": 0.0,
                "z": 0.0,
                "w": 1.0
            }
        },

        "(7, 3)":  {
            "position":  {
                "x": 1.4,
                "y": 0.61,
                "z": 0.0
            },
            "orientation":  {
                "x": 0.0,
                "y": 0.0,
                "z": 0.00925896032384,
                "w": 0.999957134908
            }
        },

        "(5, 3)":  {
            "position":  {
                "x": 1.55,
                "y": 1.4,
                "z": 0.0
            },
            "orientation":  {
                "x": 0.0,
                "y": 0.0,
                "z": 0.70710734455,
                "w": 0.707106217823
            }
        },

        "(4, 3)":  {
            "position":  {
                "x": 1.55,
                "y": 1.66,
                "z": 0.0
            },
            "orientation": { 
                "x": 0.0,
                "y": 0.0,
                "z": 0.707107302403,
                "w": 0.70710625997
            }
        },

        "(3, 3)":  {
            "position":  {
                "x": 1.55,
                "y": 1.92,
                "z": 0.0
            },
            "orientation":  {
                "x": 0.0,
                "y": 0.0,
                "z": 0.698215390988,
                "w": 0.715887748036
            }
        },

        "(2, 3)":  {
            "position":  { 
                "x": 1.55,
                "y": 2.25,
                "z": 0.0
            },
            "orientation":  {
                "x": 0.0,
                "y": 0.0,
                "z": 0.702247876113,
                "w": 0.71193252524
            }
        },

        "(1, 3)" : {
            "position": {
                "x": 1.55,
                "y": 2.52,
                "z": 0.0
            },
            "orientation":  {
                "x": 0.0,
                "y": 0.0,
                "z": 0.715473356529,
                "w": 0.698640018963
            }
        },

        "(1, 4)": {
            "position":  {
                "x": 2.0,
                "y": 2.52,
                "z": 0.0
            },
            "orientation": { 
                "x": 0.0,
                "y": 0.0,
                "z": 0.0144891167091,
                "w": 0.999895027239
            }
        },
        "(2, 4)": {
            "position":  {
                "x": 2.0,
                "y": 2.3,
                "z": 0.0
            },
            "orientation": { 
                "x": 0.0,
                "y": 0.0,
                "z": 0.0144891167091,
                "w": 0.999895027239
            }
        },

        "(1, 5)": {
            "position":  {
                "x": 2.47,
                "y": 2.52,
                "z": 0.0
            },
            "orientation":  {
                "x": 0.0,
                "y": 0.0,
                "z": -0.707106206585,
                "w": 0.707107355788
            }
        },

        "(2, 5)" : {
            "position":  {
                "x": 2.47,
                "y": 2.3,
                "z": 0.0
            },
            "orientation": {
                "x": 0.0,
                "y": 0.0,
                "z": -0.70710599585,
                "w": 0.707107566522
            }
        },

        "(3, 5)" :  {
            "position":  {
                "x": 2.47,
                "y": 2.0,
                "z": 0.0
            },
            "orientation":  {
                "x": 0.0,
                "y": 0.0,
                "z": -0.70710599585,
                "w": 0.707107566522
            }
        },

        "(4, 5)": {
            "position":  {
                    "x": 2.41,
                    "y": 1.61,
                    "z": 0.0
                },
                "orientation":  {
                    "x": 0.0,
                    "y": 0.0,
                    "z": -0.702673241253,
                    "w": 0.711512695619
                }
            },

        "(5, 5)":  {
            "position":  {
                "x": 2.37,
                "y": 1.37,
                "z": 0.0
            },
            "orientation":  {
                "x": 0.0,
                "y": 0.0,
                "z": -0.707106164438,
                "w": 0.707107397935
            }
        },

        "(6, 5)":  {
            "position":  {
                "x": 2.42,
                "y": 1.01,
                "z": 0.0
            },
            "orientation":  {
                "x": 0.0,
                "y": 0.0,
                "z":-0.707106122291,
                "w": 0.707107440082
            }
        },

        "(7, 5)": {
            "position":  {
                "x": 2.44,
                "y": 0.61,
                "z": 0.0
            },
            "orientation":  {
                "x": 0.0,
                "y": 0.0,
                "z": -0.696634083156,
                "w": 0.717426619373
            }
        },

        "(7, 4)":  {
            "position":  {
                "x": 1.95,
                "y": 0.61,
                "z": 0.0
            },
            "orientation":  {
                "x": 0.0,
                "y": 0.0,
                "z": 0.999481227665,
                "w": 0.0322067624014
            }
        },

        "(4, 4)":  {
            "position":  {
                "x": 1.96,
                "y": 1.6,
                "z": 0.0
            },
            "orientation":  {
                "x": 0.0,
                "y": 0.0,