{
    "states" : {
        "(2, 1)" : {
            "position": {
                "x": 0.270444869995,
                "y": -0.403524041176,
                "z": 0.0
            },
            "orientation": {
                "x": 0.0,
                "y": 0.0,
                "z": -0.707106206585,
                "w": 0.707107355788
            }
        }, 
        "(3, 1)" : {
            "position": {
                "x": 0.233465671539,
                "y": -0.913847327232,
                "z": 0.0
            },
            "orientation" : {
                "x": 0.0,
                "y": 0.0,
                "z": -0.678710186548,
                "w": 0.734406210945
            }
        }, 

        "(4, 1)": {
            "position": {
                "x": 0.211278915405,
                "y": -1.46115040779,
                "z": 0.0
            },
            "orientation": {
                "x": 0.0,
                "y": 0.0,
                "z": -0.715472565327,
                "w": 0.698640829228
            }
        },

        "(5, 1)": {
            "position": {
                "x": 0.240863800049,
                "y": -2.0158495903,
                "z": 0.0
            },
            "orientation": {
                "x": 0.0,
                "y": 0.0,
                "z": -0.702109526435,
                "w": 0.712068966385
            }
        },

        "(6, 1)": {
            "position": {
                "x": 0.248260974884,
                "y": -2.77024030685,
                "z": 0.0
            },
            "orientation": {
                "x": 0.0,
                "y": 0.0,
                "z": -0.707106248732,
                "w": 0.707107313641
            }
        },

        "(7, 1)":{
            "position": {
                "x": 0.248262405396,
                "y": -3.62077903748,
                "z": 0.0
            },
            "orientation": {
                "x": 0.0,
                "y": 0.0,
                "z": -0.697220202402,
                "w": 0.716857021562
            }
        },

        "(7, 2)":  {
            "position":  {
                "x": 1.09140479565,
                "y": -3.56160950661,
                "z": 0.0
            },
            "orientation":  {
                "x": 0.0,
                "y": 0.0,
                "z": 0.0,
                "w": 1.0
            }
        },

        "(7, 3)":  {
            "position":  {
                "x": 1.94933927059,
                "y": -3.56900405884,
                "z": 0.0
            },
            "orientation":  {
                "x": 0.0,
                "y": 0.0,
                "z": 0.00925896032384,
                "w": 0.999957134908
            }
        },

        "(6, 3)": {
            "position":  {
                "x": 2.00111031532,
                "y": -2.92555308342,
                "z": 0.0
            },
            "orientation":  {
                "x": 0.0,
                "y": 0.0,
                "z": 0.694374092363,
                "w": 0.71961421599
            }
        },

        "(5, 3)":  {
            "position":  {
                "x": 1.98631691933,
                "y": -2.2155380249,
                "z": 0.0
            },
            "orientation":  {
                "x": 0.0,
                "y": 0.0,
                "z": 0.70710734455,
                "w": 0.707106217823
            }
        },

        "(4, 3)":  {
            "position":  {
                "x": 2.01589989662,
                "y": -1.50552344322,
                "z": 0.0
            },
            "orientation": { 
                "x": 0.0,
                "y": 0.0,
                "z": 0.707107302403,
                "w": 0.70710625997
            }
        },

        "(3, 3)":  {
            "position":  {
                "x": 1.98631477356,
                "y": -0.884260594845,
                "z": 0.0
            },
            "orientation":  {
                "x": 0.0,
                "y": 0.0,
                "z": 0.698215390988,
                "w": 0.715887748036
            }
        },

        "(2, 3)":  {
            "position":  { 
                "x": 1.9715218544,
                "y": -0.336957454681,
                "z": 0.0
            },
            "orientation":  {
                "x": 0.0,
                "y": 0.0,
                "z": 0.702247876113,
                "w": 0.71193252524
            }
        },

        "(1, 3)" : {
            "position": {
                "x": 2.00850081444,
                "y": 0.313889503479,
                "z": 0.0
            },
            "orientation":  {
                "x": 0.0,
                "y": 0.0,
                "z": 0.715473356529,
                "w": 0.698640018963
            }
        },

        "(1, 4)": {
            "position":  {
                "x": 2.91081142426,
                "y": 0.299098968506,
                "z": 0.0
            },
            "orientation": { 
                "x": 0.0,
                "y": 0.0,
                "z": 0.0144891167091,
                "w": 0.999895027239
            }
        },

        "(1, 5)": {
            "position":  {
                "x": 3.80572581291,
                "y": 0.262120485306,
                "z": 0.0
            },
            "orientation":  {
                "x": 0.0,
                "y": 0.0,
                "z": -0.707106206585,
                "w": 0.707107355788
            }
        },

        "(2, 5)" : {
            "position":  {
                "x": 3.79093456268,
                "y": -0.152054786682,
                "z": 0.0
            },
            "orientation": {
                "x": 0.0,
                "y": 0.0,
                "z": -0.70710599585,
                "w": 0.707107566522
            }
        },

        "(3, 5)" :  {
            "position":  {
                "x": 3.77614355087,
                "y": -0.773317694664,
                "z": 0.0
            },
            "orientation":  {
                "x": 0.0,
                "y": 0.0,
                "z": -0.70710599585,
                "w": 0.707107566522
            }
        },

        "(4, 5)": {
            "position":  {
                    "x": 3.79833269119,
                    "y": -1.51291656494,
                    "z": 0.0
                },
                "orientation":  {
                    "x": 0.0,
                    "y": 0.0,
                    "z": -0.702673241253,
                    "w": 0.711512695619
                }
            },

        "(5, 5)":  {
            "position":  {
                "x": 3.77614593506,
                "y": -2.14157557487,
                "z": 0.0
            },
            "orientation":  {
                "x": 0.0,
                "y": 0.0,
                "z": -0.707106164438,
                "w": 0.707107397935
            }
        },

        "(6, 5)":  {
            "position":  {
                "x": 3.82791900635,
                "y": -2.83679819107,
                "z": 0.0
            },
            "orientation":  {
                "x": 0.0,
                "y": 0.0,
                "z":-0.707106122291,
                "w": 0.707107440082
            }
        },

        "(7, 5)": {
            "position":  {
                "x": 3.81312847137,
                "y": -3.82786035538,
                "z": 0.0
            },
            "orientation":  {
                "x": 0.0,
                "y": 0.0,
                "z": -0.696634083156,
                "w": 0.717426619373
            }
        },

        "(7, 4)":  {
            "position":  {
                "x": 2.9256105423,
                "y": -3.96838569641,
                "z": 0.0
            },
            "orientation":  {
                "x": 0.0,
                "y": 0.0,
                "z": 0.999481227665,
                "w": 0.0322067624014
            }
        },

        "(4, 4)":  {
            "position":  {
                "x": 2.89602208138,